"Time (s)","Latitude (째)","Longitude (째)","Height (m)","Velocity (m/s)","Direction (째)","Horizontal Accuracy (m)","Vertical Accuracy (째)"
0.000000000E0,4.769626637E1,1.772606067E1,1.183494797E2,-1.000000000E0,-1.000000000E0,4.189673581E2,4.189673581E2
1.774931669E0,4.769526655E1,1.772453165E1,1.208978919E2,1.073762226E1,-1.000000000E0,4.800000000E1,4.800000000E1
2.774924755E0,4.769533469E1,1.772441182E1,1.034542516E2,1.180292892E1,-1.000000000E0,3.200000000E1,3.200000000E1
3.774917722E0,4.769527313E1,1.772427204E1,1.148603456E2,1.180292892E1,-1.000000000E0,3.200000000E1,3.200000000E1
4.774909973E0,4.769523900E1,1.772412351E1,1.162248564E2,1.207426357E1,-1.000000000E0,1.600000000E1,1.600000000E1
5.774903059E0,4.769520087E1,1.772396356E1,1.165643897E2,1.323087120E1,-1.000000000E0,2.400000000E1,2.400000000E1
6.774896145E0,4.769516161E1,1.772380069E1,1.165794466E2,1.556478691E1,-1.000000000E0,1.600000000E1,1.600000000E1
7.612081289E0,4.769510415E1,1.772361901E1,1.165061216E2,1.594252872E1,-1.000000000E0,1.600000000E1,1.600000000E1
8.612074733E0,4.769505844E1,1.772344114E1,1.163671180E2,1.586666107E1,-1.000000000E0,1.600000000E1,1.600000000E1
9.622489572E0,4.769499758E1,1.772321189E1,1.201941121E2,1.586666107E1,-1.000000000E0,1.600241655E1,1.600241655E1
1.062248302E1,4.769497979E1,1.772310353E1,1.166406337E2,7.224839687E0,2.479515490E2,1.200181241E1,1.200181241E1
1.260447669E1,4.769487235E1,1.772287130E1,1.205160321E2,1.752874184E1,2.443466949E2,8.001208274E0,8.001208274E0
1.361212718E1,4.769479439E1,1.772263084E1,1.169240226E2,1.826567078E1,2.443466949E2,8.001208274E0,8.001208274E0
1.461212122E1,4.769472250E1,1.772240913E1,1.168491989E2,1.826567078E1,2.443466949E2,8.001208274E0,8.001208274E0
1.568737340E1,4.769464410E1,1.772216734E1,1.167208807E2,1.898064613E1,2.443466949E2,8.001208274E0,8.001208274E0
1.668736756E1,4.769456352E1,1.772191880E1,1.166924894E2,1.999191475E1,2.443466949E2,6.000906205E0,6.000906205E0
1.772880137E1,4.769448463E1,1.772167550E1,1.164540760E2,1.999191475E1,2.443466949E2,6.000906205E0,6.000906205E0
1.872879517E1,4.769440874E1,1.772144145E1,1.162333322E2,1.972653961E1,2.443466949E2,6.000906205E0,6.000906205E0
1.972878885E1,4.769432852E1,1.772119405E1,1.161500639E2,1.946284676E1,2.443466949E2,6.000906205E0,6.000906205E0
2.081599212E1,4.769425449E1,1.772096573E1,1.160050947E2,1.892314148E1,2.443466949E2,6.000906205E0,6.000906205E0
2.181598616E1,4.769418072E1,1.772073832E1,1.158532686E2,1.892314148E1,2.443339691E2,6.000906205E0,6.000906205E0
2.281594861E1,4.769410587E1,1.772050762E1,1.157615251E2,1.887814903E1,2.443339691E2,6.000906205E0,6.000906205E0
2.381590486E1,4.769403416E1,1.772028659E1,1.155746331E2,1.872059441E1,2.443339691E2,6.000906205E0,6.000906205E0
2.481586504E1,4.769395916E1,1.772005539E1,1.155351248E2,1.844803238E1,2.443339691E2,6.000906205E0,6.000906205E0
2.581582594E1,4.769389220E1,1.771984900E1,1.156059222E2,1.725650978E1,2.443339691E2,6.000906205E0,6.000906205E0
2.681579125E1,4.769382682E1,1.771964749E1,1.157425033E2,1.725650978E1,2.443339691E2,6.000906205E0,6.000906205E0
2.781575584E1,4.769376128E1,1.771944546E1,1.160641769E2,1.666652298E1,2.443339691E2,6.000906205E0,6.000906205E0
2.881572282E1,4.769369824E1,1.771925114E1,1.165738238E2,1.616794777E1,2.443339691E2,6.000906205E0,6.000906205E0
2.981569123E1,4.769363971E1,1.771907074E1,1.172310140E2,1.539941120E1,2.443339691E2,6.000906205E0,6.000906205E0
3.081566107E1,4.769358324E1,1.771889667E1,1.178628723E2,1.391349506E1,2.443339691E2,6.000906205E0,6.000906205E0
3.181563067E1,4.769353168E1,1.771873776E1,1.182969291E2,1.391349506E1,2.443339691E2,4.000604137E0,4.000604137E0
3.281560361E1,4.769348651E1,1.771859865E1,1.185023556E2,1.225994301E1,2.443038025E2,4.000604137E0,4.000604137E0
3.381557631E1,4.769345301E1,1.771849554E1,1.185595652E2,9.906250000E0,2.443038025E2,4.000604137E0,4.000604137E0
3.481555235E1,4.769342290E1,1.771840287E1,1.184865004E2,8.425896645E0,2.443038025E2,4.000604137E0,4.000604137E0
3.581552899E1,4.769340214E1,1.771833897E1,1.183714181E2,5.026277065E0,2.443038025E2,6.000906205E0,6.000906205E0
3.681550634E1,4.769341402E1,1.771824891E1,1.182644936E2,6.652894020E0,2.671924104E2,6.000906205E0,6.000906205E0
3.781548452E1,4.769341418E1,1.771815740E1,1.181942140E2,6.652894020E0,2.878817638E2,6.000906205E0,6.000906205E0
3.881546533E1,4.769343899E1,1.771805828E1,1.181499699E2,7.351445198E0,3.033755835E2,6.000906205E0,6.000906205E0
3.981544507E1,4.769349133E1,1.771795747E1,1.181222956E2,8.543991089E0,2.835088308E2,6.000906205E0,6.000906205E0
4.081542718E1,4.769351260E1,1.771788822E1,1.181050125E2,9.679399490E0,2.758219299E2,6.000906205E0,6.000906205E0
4.181540966E1,4.769352291E1,1.771780694E1,1.180942068E2,1.171852875E1,2.600220337E2,6.000906205E0,6.000906205E0
4.281539261E1,4.769354853E1,1.771755187E1,1.180874682E2,1.171852875E1,2.935113525E2,6.000906205E0,6.000906205E0
4.381537569E1,4.769359475E1,1.771742384E1,1.180832513E2,1.252671146E1,2.989226685E2,1.017853318E1,1.017853318E1
4.481535959E1,4.769365501E1,1.771731615E1,1.180806323E2,1.294346809E1,3.163822021E2,1.278891444E1,1.278891444E1
4.581534517E1,4.769374551E1,1.771720397E1,1.180756326E2,1.435870934E1,3.219950562E2,1.442120250E1,1.442120250E1
4.681532979E1,4.769384689E1,1.771710312E1,1.180755309E2,1.609810829E1,3.297833862E2,1.453205727E1,1.453205727E1
4.781531703E1,4.769396913E1,1.771700315E1,1.180756855E2,1.609810829E1,3.331022644E2,1.421344567E1,1.421344567E1
4.881530380E1,4.769410167E1,1.771691755E1,1.180758795E2,1.660386086E1,3.433452759E2,1.410902979E1,1.410902979E1
4.981529033E1,4.769423654E1,1.771686185E1,1.180760225E2,1.751214981E1,3.477756653E2,1.293196454E1,1.293196454E1
5.081527722E1,4.769440081E1,1.771681376E1,1.180247993E2,2.011190987E1,3.520685425E2,1.126847500E1,1.126847500E1
5.181526518E1,4.769459634E1,1.771678969E1,1.177732124E2,2.066582298E1,3.566450806E2,8.001208274E0,8.001208274E0
5.281525409E1,4.769478457E1,1.771680092E1,1.175234108E2,2.024373436E1,5.007277012E0,8.001208274E0,8.001208274E0
5.381524265E1,4.769498694E1,1.771682722E1,1.172719475E2,2.024373436E1,5.120960236E0,8.001208274E0,8.001208274E0
5.481523085E1,4.769518663E1,1.771685373E1,1.168595193E2,2.015930176E1,5.120960236E0,8.001208274E0,8.001208274E0
5.581522095E1,4.769537605E1,1.771687887E1,1.165690929E2,1.991150093E1,5.120960236E0,8.001208274E0,8.001208274E0
5.681520998E1,4.769557274E1,1.771690498E1,1.163844289E2,1.991150093E1,5.120960236E0,8.001208274E0,8.001208274E0
5.781519997E1,4.769574743E1,1.771692817E1,1.162687610E2,1.983684731E1,5.120960236E0,8.001208274E0,8.001208274E0
5.881518996E1,4.769593179E1,1.771695264E1,1.161964947E2,1.983031654E1,5.120960236E0,8.001208274E0,8.001208274E0
5.981518161E1,4.769612109E1,1.771697777E1,1.161513515E2,1.975076103E1,5.120874405E0,8.001208274E0,8.001208274E0
6.081517184E1,4.769631076E1,1.771700294E1,1.160606220E2,1.953193092E1,5.120874405E0,8.001208274E0,8.001208274E0
6.181516290E1,4.769649372E1,1.771702802E1,1.160261569E2,1.953193092E1,5.410319328E0,8.001208274E0,8.001208274E0
6.281515336E1,4.769666810E1,1.771705248E1,1.160409339E2,1.947153854E1,5.410296917E0,8.001208274E0,8.001208274E0
6.381514478E1,4.769684740E1,1.771707803E1,1.160537825E2,1.937031364E1,5.807496548E0,8.001208274E0,8.001208274E0
6.481513608E1,4.769702329E1,1.771710453E1,1.160621810E2,1.936869431E1,5.807464600E0,8.001208274E0,8.001208274E0
6.581512821E1,4.769719417E1,1.771713027E1,1.160674566E2,1.932873726E1,5.807376385E0,8.001208274E0,8.001208274E0
6.681512046E1,4.769736398E1,1.771715609E1,1.160707582E2,1.932873726E1,6.044185638E0,8.001208274E0,8.001208274E0
6.781511128E1,4.769754128E1,1.771718390E1,1.160728187E2,1.919941711E1,6.044185638E0,8.001208274E0,8.001208274E0
6.881510317E1,4.769771323E1,1.771721087E1,1.160074638E2,1.918918228E1,6.044185638E0,8.001208274E0,8.001208274E0
6.981509519E1,4.769788579E1,1.771723793E1,1.157584463E2,1.918250847E1,6.044105530E0,8.001208274E0,8.001208274E0
7.081508839E1,4.769806462E1,1.771726598E1,1.156076550E2,1.919197273E1,6.044105530E0,8.001208274E0,8.001208274E0
7.181507993E1,4.769823402E1,1.771729203E1,1.156440880E2,1.919197273E1,5.867089748E0,8.001208274E0,8.001208274E0
7.281507349E1,4.769839986E1,1.771731727E1,1.156547214E2,1.918966484E1,5.867089748E0,8.001208274E0,8.001208274E0
7.381506538E1,4.769857277E1,1.771734359E1,1.156374650E2,1.915663910E1,5.867089748E0,8.001208274E0,8.001208274E0
7.481505811E1,4.769874220E1,1.771736916E1,1.155987292E2,1.915663910E1,5.590691090E0,8.001208274E0,8.001208274E0
7.581505132E1,4.769891340E1,1.771739398E1,1.156365487E2,1.914519882E1,5.590691090E0,8.001208274E0,8.001208274E0
7.681504381E1,4.769908023E1,1.771741817E1,1.157874925E2,1.931698799E1,5.590691090E0,8.001208274E0,8.001208274E0
7.781503761E1,4.769926042E1,1.771744430E1,1.158944875E2,1.914519882E1,5.590691090E0,8.001208274E0,8.001208274E0
7.881503057E1,4.769943186E1,1.771746916E1,1.158474539E2,1.922202301E1,5.590691090E0,8.001208274E0,8.001208274E0
7.981502318E1,4.769961467E1,1.771749412E1,1.156019165E2,1.913299561E1,4.845214844E0,8.001208274E0,8.001208274E0
8.081501567E1,4.769978786E1,1.771751586E1,1.154089561E2,1.941742325E1,4.845214844E0,8.001208274E0,8.001208274E0
8.181500936E1,4.769996278E1,1.771753618E1,1.153364587E2,1.952488708E1,3.376815081E0,8.001208274E0,8.001208274E0
8.281500340E1,4.770011406E1,1.771754313E1,1.154263968E2,1.944687271E1,0.000000000E0,8.001208274E0,8.001208274E0
8.381499684E1,4.770030390E1,1.771753448E1,1.154864908E2,1.945330429E1,3.580607300E2,8.001208274E0,8.001208274E0
8.481498957E1,4.770047986E1,1.771752565E1,1.155069472E2,1.945330429E1,3.580607300E2,8.001208274E0,8.001208274E0
8.581498349E1,4.770064942E1,1.771751661E1,1.155335198E2,1.982382965E1,3.574906616E2,8.001208274E0,8.001208274E0
8.681497681E1,4.770082647E1,1.771750405E1,1.155890762E2,1.982382965E1,3.560183716E2,8.001208274E0,8.001208274E0
8.781497014E1,4.770099939E1,1.771748622E1,1.156743926E2,1.970872116E1,3.560183716E2,8.001208274E0,8.001208274E0
8.881496441E1,4.770116929E1,1.771746238E1,1.156183521E2,1.962660980E1,3.543929749E2,8.001208274E0,8.001208274E0
8.981495762E1,4.770133499E1,1.771743499E1,1.155162194E2,1.962660980E1,3.531700134E2,8.001208274E0,8.001208274E0
9.081495070E1,4.770150389E1,1.771740126E1,1.156424976E2,1.992794800E1,3.522194214E2,8.001208274E0,8.001208274E0
9.181494474E1,4.770169931E1,1.771736711E1,1.157969451E2,1.992794800E1,3.560274353E2,8.001208274E0,8.001208274E0
9.281493843E1,4.770186667E1,1.771733477E1,1.158833173E2,1.992794800E1,3.475509949E2,8.001208274E0,8.001208274E0
9.381493223E1,4.770203590E1,1.771727893E1,1.159107236E2,1.996110535E1,3.469674683E2,8.001208274E0,8.001208274E0
9.481492615E1,4.770221293E1,1.771721822E1,1.159349975E2,1.999686813E1,3.469674683E2,8.001208274E0,8.001208274E0
9.581491899E1,4.770240410E1,1.771715206E1,1.159508694E2,2.028623581E1,3.463417053E2,8.001208274E0,8.001208274E0
9.681491280E1,4.770258982E1,1.771708441E1,1.159608611E2,2.033832550E1,3.457130432E2,8.001208274E0,8.001208274E0
9.781490743E1,4.770276938E1,1.771701478E1,1.159671062E2,2.028623581E1,3.443933411E2,8.001208274E0,8.001208274E0
9.881490111E1,4.770294713E1,1.771693324E1,1.159710129E2,2.007912445E1,3.425964966E2,8.001208274E0,8.001208274E0
9.981489539E1,4.770312841E1,1.771684514E1,1.159734498E2,1.992982674E1,3.416906738E2,8.001208274E0,8.001208274E0
1.008148880E2,4.770328294E1,1.771676622E1,1.159749706E2,2.016471863E1,3.408526001E2,8.001208274E0,8.001208274E0
1.018148835E2,4.770345879E1,1.771667690E1,1.159759192E2,2.041168594E1,3.416590271E2,8.001208274E0,8.001208274E0
1.028148766E2,4.770364579E1,1.771658855E1,1.161629053E2,2.041168594E1,3.426030273E2,8.001208274E0,8.001208274E0
1.038148707E2,4.770381609E1,1.771650950E1,1.164498351E2,2.041168594E1,3.426030273E2,8.001208274E0,8.001208274E0
1.048148639E2,4.770399917E1,1.771642620E1,1.166460558E2,2.023661423E1,3.437471619E2,8.001208274E0,8.001208274E0
1.058148587E2,4.770416727E1,1.771635500E1,1.168537501E2,1.907284546E1,3.451109924E2,8.001208274E0,8.001208274E0
1.068148516E2,4.770433194E1,1.771629993E1,1.169946962E2,1.907284546E1,3.489260864E2,8.001208274E0,8.001208274E0
1.078148464E2,4.770448049E1,1.771625874E1,1.169996035E2,1.866254044E1,3.499438477E2,8.001208274E0,8.001208274E0
1.088148397E2,4.770463911E1,1.771621810E1,1.170469784E2,1.851490593E1,3.537778320E2,8.001208274E0,8.001208274E0
1.098148342E2,4.770480457E1,1.771622405E1,1.172169091E2,1.825733757E1,2.292525291E0,8.001208274E0,8.001208274E0
1.108148279E2,4.770494827E1,1.771623257E1,1.175038637E2,1.739430046E1,2.292525291E0,8.001208274E0,8.001208274E0
1.118148230E2,4.770510658E1,1.771624593E1,1.179391494E2,1.739430046E1,5.857581615E0,1.200181241E1,1.200181241E1
1.128148162E2,4.770526398E1,1.771628440E1,1.182887434E2,1.684121513E1,1.241759777E1,1.200181241E1,1.200181241E1
1.138148104E2,4.770540867E1,1.771634476E1,1.184926313E2,1.647938347E1,1.577263260E1,1.200181241E1,1.200181241E1
1.148148048E2,4.770554969E1,1.771640482E1,1.186698911E2,1.568776417E1,1.687645531E1,1.200181241E1,1.200181241E1
1.158147985E2,4.770567655E1,1.771646183E1,1.188597454E2,1.352557278E1,1.687645531E1,1.200181241E1,1.200181241E1
1.168147925E2,4.770577672E1,1.771651492E1,1.188184845E2,1.352557278E1,2.056894493E1,1.200181241E1,1.200181241E1
1.178147870E2,4.770585257E1,1.771655835E1,1.185169448E2,1.000486565E1,2.218564224E1,1.200181241E1,1.200181241E1
1.188147802E2,4.770587416E1,1.771674129E1,1.180246372E2,9.325719833E0,4.996525508E1,1.200181241E1,1.200181241E1
1.198147751E2,4.770591724E1,1.771684530E1,1.178168188E2,8.895606041E0,6.458434951E1,8.001208274E0,8.001208274E0
1.208147690E2,4.770594344E1,1.771698635E1,1.178760312E2,1.104488468E1,9.166532557E1,8.001208274E0,8.001208274E0
1.218147633E2,4.770593976E1,1.771713677E1,1.180479558E2,1.104488468E1,7.040629347E1,8.001208274E0,8.001208274E0
1.228147566E2,4.770599465E1,1.771726427E1,1.181643411E2,1.104488468E1,4.706350708E1,8.001208274E0,8.001208274E0
1.238147507E2,4.770606480E1,1.771735120E1,1.181827774E2,1.141449261E1,3.134221840E1,1.200181241E1,1.200181241E1
1.248147447E2,4.770616311E1,1.771740204E1,1.180451084E2,1.141449261E1,9.157868385E0,1.200181241E1,1.200181241E1
1.258147396E2,4.770628877E1,1.771739892E1,1.178138534E2,1.308012295E1,3.472824402E2,1.200181241E1,1.200181241E1
1.268147334E2,4.770639797E1,1.771730732E1,1.176825538E2,1.391068268E1,3.216802979E2,1.200181241E1,1.200181241E1
1.278147272E2,4.770644453E1,1.771720753E1,1.176762491E2,1.391068268E1,3.132781677E2,8.001208274E0,8.001208274E0
1.288147217E2,4.770659179E1,1.771698212E1,1.178132910E2,1.456229687E1,3.518722839E2,8.001208274E0,8.001208274E0
1.298147149E2,4.770673607E1,1.771692468E1,1.177367837E2,1.599420834E1,3.518730774E2,8.001208274E0,8.001208274E0
1.308147095E2,4.770689910E1,1.771688700E1,1.175533792E2,1.872978783E1,3.523296814E2,8.001208274E0,8.001208274E0
1.318147035E2,4.770707867E1,1.771686647E1,1.175727631E2,1.938759804E1,3.515991821E2,1.200181241E1,1.200181241E1
1.328146974E2,4.770725699E1,1.771683047E1,1.176161474E2,1.938759804E1,3.508104553E2,1.200181241E1,1.200181241E1
1.338146919E2,4.770745169E1,1.771680501E1,1.176010537E2,2.006779671E1,3.488091125E2,1.200181241E1,1.200181241E1
1.348146855E2,4.770765161E1,1.771675044E1,1.175608588E2,2.107860184E1,3.470612183E2,1.200181241E1,1.200181241E1
1.358146803E2,4.770785912E1,1.771667022E1,1.181534518E2,2.327819061E1,3.430879822E2,1.200181241E1,1.200181241E1
1.368146740E2,4.770806957E1,1.771657542E1,1.185458578E2,2.436662102E1,3.430879822E2,1.200181241E1,1.200181241E1
1.378146678E2,4.770827464E1,1.771648179E1,1.193162660E2,2.413346481E1,3.428345337E2,1.200181241E1,1.200181241E1
1.388146622E2,4.770846640E1,1.771639403E1,1.200953744E2,2.413346481E1,3.428345337E2,1.200181241E1,1.200181241E1
1.398146560E2,4.770868335E1,1.771633188E1,1.208599582E2,2.413346481E1,3.428345337E2,8.001208274E0,8.001208274E0
1.408146507E2,4.770891349E1,1.771624061E1,1.215459930E2,2.597346878E1,3.428345337E2,8.001208274E0,8.001208274E0
1.418146446E2,4.770912917E1,1.771615359E1,1.216107238E2,2.597346878E1,3.428345337E2,8.001208274E0,8.001208274E0
1.428146390E2,4.770934949E1,1.771605444E1,1.216858614E2,2.551464653E1,3.428345337E2,8.001208274E0,8.001208274E0
1.438146324E2,4.770957326E1,1.771595014E1,1.220595083E2,2.551464653E1,3.443756714E2,8.001208274E0,8.001208274E0
1.448146271E2,4.770980212E1,1.771585736E1,1.228741008E2,2.551464653E1,3.450756836E2,8.001208274E0,8.001208274E0
1.458146216E2,4.771002658E1,1.771577870E1,1.241551435E2,2.549729156E1,3.450756836E2,8.001208274E0,8.001208274E0
1.468146148E2,4.771024255E1,1.771567720E1,1.256705188E2,2.577668571E1,3.447220154E2,8.001208274E0,8.001208274E0
1.478146099E2,4.771045112E1,1.771559203E1,1.264664320E2,2.549729156E1,3.439313965E2,8.001208274E0,8.001208274E0
1.488146034E2,4.771067797E1,1.771546748E1,1.268503583E2,2.511462212E1,3.439313965E2,8.001208274E0,8.001208274E0
1.498145980E2,4.771089223E1,1.771538356E1,1.264505750E2,2.511462212E1,3.434171753E2,8.001208274E0,8.001208274E0
1.508145916E2,4.771110405E1,1.771531791E1,1.256521280E2,2.525200272E1,3.434171753E2,8.001208274E0,8.001208274E0
1.518145862E2,4.771133189E1,1.771522539E1,1.251653772E2,2.525200272E1,3.429939270E2,8.001208274E0,8.001208274E0
1.528145801E2,4.771153237E1,1.771516242E1,1.252349425E2,2.456715012E1,3.429939270E2,8.001208274E0,8.001208274E0
1.538145741E2,4.771174436E1,1.771508130E1,1.255588546E2,2.414899445E1,3.429939270E2,8.001208274E0,8.001208274E0
1.548145682E2,4.771193938E1,1.771499099E1,1.257910322E2,2.396109962E1,3.429939270E2,8.001208274E0,8.001208274E0
1.558145621E2,4.771214637E1,1.771490290E1,1.258367856E2,2.366969872E1,3.420277710E2,8.001208274E0,8.001208274E0
1.568145566E2,4.771234294E1,1.771482164E1,1.259202703E2,2.366969872E1,3.412793274E2,8.001208274E0,8.001208274E0
1.578145508E2,4.771255536E1,1.771472379E1,1.258045007E2,2.343975258E1,3.382568359E2,8.001208274E0,8.001208274E0
1.588145454E2,4.771273476E1,1.771461039E1,1.253304131E2,2.340510750E1,3.364760742E2,8.001208274E0,8.001208274E0
1.598145393E2,4.771292555E1,1.771448188E1,1.247895671E2,2.259120369E1,3.351719971E2,8.001208274E0,8.001208274E0
1.608145334E2,4.771311164E1,1.771435063E1,1.242921018E2,2.224901581E1,3.339838867E2,8.001208274E0,8.001208274E0
1.618145275E2,4.771329522E1,1.771421787E1,1.239192748E2,2.224901581E1,3.339838867E2,8.001208274E0,8.001208274E0
1.628145219E2,4.771346726E1,1.771410223E1,1.236361318E2,2.197417831E1,3.358165588E2,8.001208274E0,8.001208274E0
1.638145154E2,4.771364766E1,1.771398678E1,1.224725728E2,2.154934692E1,3.365600891E2,8.001208274E0,8.001208274E0
1.648145095E2,4.771381812E1,1.771384823E1,1.215710515E2,2.154516983E1,3.365600891E2,8.001208274E0,8.001208274E0
1.658145039E2,4.771398653E1,1.771371100E1,1.211466540E2,2.129789162E1,3.365600891E2,8.001208274E0,8.001208274E0
1.668144983E2,4.771414915E1,1.771358278E1,1.209491285E2,2.129789162E1,3.365621033E2,8.001208274E0,8.001208274E0
1.678144928E2,4.771431548E1,1.771346951E1,1.208244977E2,2.030290413E1,3.352424011E2,8.001208274E0,8.001208274E0
1.688144871E2,4.771447192E1,1.771336346E1,1.205361268E2,1.939098358E1,3.350089417E2,8.001208274E0,8.001208274E0
1.698144798E2,4.771460346E1,1.771327496E1,1.202996206E2,1.855677986E1,3.337089233E2,8.001208274E0,8.001208274E0
1.708144746E2,4.771470974E1,1.771321908E1,1.197682780E2,1.487552261E1,3.299318542E2,8.001208274E0,8.001208274E0
1.718144678E2,4.771482146E1,1.771315404E1,1.192683985E2,1.487552261E1,3.299318542E2,1.200181241E1,1.200181241E1
1.728144627E2,4.771498862E1,1.771339065E1,1.191505699E2,1.455360031E1,4.778107643E0,1.200181241E1,1.200181241E1
1.738144566E2,4.771512725E1,1.771332810E1,1.192280922E2,1.377570915E1,3.399607544E2,1.200181241E1,1.200181241E1
1.748144513E2,4.771520277E1,1.771321852E1,1.193692047E2,1.269470787E1,3.149122314E2,1.200181241E1,1.200181241E1
1.758144447E2,4.771525163E1,1.771314558E1,1.195503082E2,1.171571445E1,3.046134338E2,1.200181241E1,1.200181241E1
1.768144447E2,4.771528162E1,1.771293261E1,1.197488827E2,1.171571445E1,2.708786011E2,1.200181241E1,1.200181241E1
1.778144332E2,4.771526320E1,1.771277327E1,1.200820153E2,1.163564491E1,2.401769562E2,1.200181241E1,1.200181241E1
1.788144271E2,4.771524327E1,1.771272175E1,1.203944087E2,1.163564491E1,2.401769562E2,1.200181241E1,1.200181241E1
1.798144213E2,4.771514439E1,1.771244956E1,1.206109462E2,1.231473637E1,2.875103455E2,8.001208274E0,8.001208274E0
1.808144152E2,4.771517796E1,1.771225104E1,1.207483272E2,1.458375168E1,2.923545532E2,8.001208274E0,8.001208274E0
1.818144100E2,4.771521376E1,1.771205113E1,1.208343416E2,1.592934895E1,2.917412109E2,8.001208274E0,8.001208274E0
1.828144042E2,4.771524441E1,1.771188807E1,1.206759646E2,1.592934895E1,3.008866882E2,8.001208274E0,8.001208274E0
1.838143985E2,4.771534881E1,1.771164644E1,1.205482586E2,1.688597107E1,3.043173828E2,1.200181241E1,1.200181241E1
1.848143935E2,4.771544852E1,1.771144190E1,1.208109702E2,1.774195099E1,3.082940674E2,1.200181241E1,1.200181241E1
1.858143861E2,4.771556297E1,1.771123310E1,1.211061180E2,1.857408524E1,3.108689880E2,1.200181241E1,1.200181241E1
1.868143802E2,4.771568256E1,1.771105688E1,1.212183324E2,1.898803711E1,3.176389465E2,1.200181241E1,1.200181241E1
1.878143742E2,4.771583493E1,1.771087219E1,1.213667456E2,1.898803711E1,3.212545776E2,1.200181241E1,1.200181241E1
1.888143688E2,4.771597274E1,1.771071008E1,1.212942181E2,1.923063660E1,3.218029785E2,1.200181241E1,1.200181241E1
1.898143635E2,4.771609706E1,1.771056719E1,1.213894404E2,1.963864136E1,3.228225098E2,1.200181241E1,1.200181241E1
1.908143572E2,4.771623874E1,1.771041861E1,1.215906328E2,1.933901596E1,3.276450500E2,1.200181241E1,1.200181241E1
1.918143523E2,4.771638762E1,1.771028901E1,1.215518928E2,1.933901596E1,3.320296936E2,1.200181241E1,1.200181241E1
1.928143448E2,4.771660239E1,1.771014281E1,1.210569299E2,1.933901596E1,3.350561523E2,1.200181241E1,1.200181241E1
1.938143393E2,4.771675382E1,1.771004784E1,1.210486186E2,1.992224884E1,3.376135254E2,1.200181241E1,1.200181241E1
1.948143334E2,4.771692127E1,1.770994746E1,1.212537812E2,2.010148811E1,3.384919739E2,1.200181241E1,1.200181241E1
1.958143275E2,4.771709853E1,1.770985455E1,1.212006203E2,1.987380219E1,3.461075745E2,1.200181241E1,1.200181241E1
1.968143213E2,4.771727754E1,1.770980626E1,1.217820566E2,1.987380219E1,3.496765137E2,1.200181241E1,1.200181241E1
1.978143157E2,4.771744615E1,1.770976076E1,1.229353037E2,1.917821312E1,3.496765137E2,1.200181241E1,1.200181241E1
1.988143106E2,4.771754413E1,1.770973431E1,1.238563794E2,1.665464020E1,3.496765137E2,1.200181241E1,1.200181241E1
1.998143044E2,4.771763918E1,1.770970488E1,1.244063010E2,1.245651913E1,1.294747137E1,1.200181241E1,1.200181241E1
2.008142985E2,4.771771227E1,1.770978611E1,1.246441331E2,1.039062405E1,2.757105238E1,1.200181241E1,1.200181241E1
2.018142922E2,4.771779442E1,1.770989489E1,1.246528513E2,1.134934235E1,1.082679496E1,1.200181241E1,1.200181241E1
2.028142866E2,4.771789156E1,1.770992461E1,1.243123780E2,1.134934235E1,3.375583033E2,1.200181241E1,1.200181241E1
2.038142802E2,4.771794181E1,1.770983834E1,1.238732098E2,1.237317181E1,3.131216125E2,1.200181241E1,1.200181241E1
2.048142751E2,4.771798098E1,1.770973676E1,1.233519233E2,1.237317181E1,2.931346741E2,1.200181241E1,1.200181241E1
2.058142686E2,4.771799209E1,1.770959337E1,1.225903525E2,1.045288467E1,2.622583008E2,1.200181241E1,1.200181241E1
2.068142635E2,4.771796472E1,1.770946264E1,1.216417161E2,1.244597530E1,2.391146240E2,1.200181241E1,1.200181241E1
2.078142580E2,4.771791406E1,1.770937207E1,1.207342213E2,1.150682068E1,2.198926392E2,1.200181241E1,1.200181241E1
2.088142523E2,4.771778288E1,1.770929030E1,1.207256633E2,1.244597530E1,1.800000000E2,1.200181241E1,1.200181241E1
2.098142458E2,4.771762796E1,1.770935365E1,1.215518720E2,1.335529709E1,1.420398712E2,1.200181241E1,1.200181241E1
2.108142394E2,4.771759568E1,1.770950037E1,1.227074588E2,1.336037064E1,1.232590179E2,8.001208274E0,8.001208274E0
2.118142337E2,4.771759543E1,1.770950094E1,1.237717419E2,1.448205662E1,1.232590179E2,1.986445293E1,1.986445293E1
2.128142277E2,4.771739604E1,1.770982963E1,1.242635019E2,1.448205662E1,1.696765289E2,8.001208274E0,8.001208274E0
2.138142215E2,4.771722636E1,1.770990253E1,1.244834741E2,1.587305832E1,1.696765289E2,8.001208274E0,8.001208274E0
2.148142159E2,4.771706009E1,1.770996453E1,1.244408855E2,1.607283974E1,1.584919891E2,8.001208274E0,8.001208274E0
2.158142099E2,4.771690479E1,1.771003695E1,1.237534555E2,1.773813248E1,1.581376038E2,8.001208274E0,8.001208274E0
2.168142049E2,4.771674597E1,1.771010403E1,1.228073169E2,1.901778793E1,1.576135254E2,8.001208274E0,8.001208274E0
2.178141993E2,4.771658065E1,1.771018081E1,1.221994218E2,1.901778793E1,1.550561371E2,8.001208274E0,8.001208274E0
2.188141924E2,4.771638527E1,1.771028431E1,1.216432862E2,2.002117538E1,1.520296936E2,8.001208274E0,8.001208274E0
2.198141865E2,4.771624449E1,1.771037945E1,1.210585574E2,2.002117538E1,1.476450500E2,8.001208274E0,8.001208274E0
2.208141810E2,4.771608947E1,1.771050647E1,1.211303137E2,2.032911491E1,1.428224945E2,8.001208274E0,8.001208274E0
2.218141751E2,4.771594433E1,1.771065999E1,1.214161850E2,2.053364944E1,1.418029633E2,8.001208274E0,8.001208274E0
2.228141692E2,4.771577924E1,1.771083633E1,1.214952955E2,2.053364944E1,1.412545776E2,8.001208274E0,8.001208274E0
2.238141642E2,4.771561731E1,1.771102617E1,1.214458991E2,2.108444786E1,1.376389618E2,8.001208274E0,8.001208274E0
2.248141577E2,4.771548414E1,1.771123189E1,1.214979510E2,2.108444786E1,1.308689880E2,8.001208274E0,8.001208274E0
2.258141519E2,4.771536611E1,1.771143107E1,1.214328025E2,2.039501762E1,1.261703262E2,8.001208274E0,8.001208274E0
2.268141466E2,4.771528829E1,1.771164069E1,1.213982039E2,2.039501762E1,1.243173676E2,8.001208274E0,8.001208274E0
2.278141401E2,4.771520822E1,1.771186282E1,1.212787284E2,2.009938622E1,1.208866959E2,8.001208274E0,8.001208274E0
2.288141335E2,4.771514305E1,1.771208852E1,1.209067451E2,1.915583229E1,1.123545609E2,8.001208274E0,8.001208274E0
2.298141279E2,4.771507672E1,1.771228102E1,1.207391116E2,1.739132309E1,1.123545609E2,8.001208274E0,8.001208274E0
2.308141232E2,4.771502041E1,1.771243145E1,1.208091952E2,1.229118347E1,1.075103455E2,8.001208274E0,8.001208274E0
2.318141162E2,4.771497578E1,1.771256319E1,1.208704348E2,1.229118347E1,1.058058701E2,8.001208274E0,8.001208274E0
2.328141105E2,4.771480634E1,1.771261847E1,1.208281228E2,9.410634995E0,1.366484680E2,8.001208274E0,8.001208274E0
2.338141043E2,4.771478181E1,1.771270058E1,1.206458444E2,9.410634995E0,1.280039520E2,8.001208274E0,8.001208274E0
2.348140982E2,4.771476010E1,1.771281530E1,1.203220456E2,1.179220486E1,1.142758331E2,8.001208274E0,8.001208274E0
2.358140931E2,4.771477626E1,1.771282706E1,1.199227910E2,1.220001984E1,1.142758331E2,1.959613260E1,1.959613260E1
2.368140868E2,4.771465635E1,1.771316401E1,1.195685605E2,1.342161369E1,1.499318390E2,8.001208274E0,8.001208274E0
2.378140810E2,4.771453987E1,1.771328339E1,1.192212767E2,1.342161369E1,1.550089569E2,8.001208274E0,8.001208274E0
2.388140755E2,4.771441561E1,1.771339862E1,1.191897481E2,1.503549004E1,1.550089569E2,8.001208274E0,8.001208274E0
2.398140695E2,4.771428123E1,1.771350452E1,1.195242051E2,1.731991577E1,1.552424011E2,8.001208274E0,8.001208274E0
2.408140637E2,4.771410086E1,1.771359632E1,1.197626420E2,2.028932571E1,1.565621033E2,8.001208274E0,8.001208274E0
2.418140578E2,4.771392762E1,1.771370696E1,1.200625858E2,2.179448128E1,1.565621033E2,8.001208274E0,8.001208274E0
2.428140517E2,4.771375666E1,1.771381093E1,1.202162451E2,2.179448128E1,1.565621033E2,8.001208274E0,8.001208274E0
2.438140472E2,4.771357779E1,1.771393571E1,1.202723428E2,2.200307274E1,1.565621033E2,8.001208274E0,8.001208274E0
2.448140404E2,4.771338703E1,1.771407333E1,1.202896118E2,2.218845940E1,1.558165741E2,8.001208274E0,8.001208274E0
2.458140342E2,4.771322823E1,1.771418406E1,1.204322796E2,2.319469070E1,1.539838867E2,8.001208274E0,8.001208274E0
2.468140290E2,4.771303478E1,1.771431869E1,1.206269281E2,2.329578781E1,1.539838867E2,8.001208274E0,8.001208274E0
2.478140223E2,4.771283527E1,1.771443299E1,1.208101305E2,2.329578781E1,1.551719971E2,8.001208274E0,8.001208274E0
2.488140162E2,4.771263343E1,1.771454925E1,1.209800483E2,2.329578781E1,1.564760895E2,8.001208274E0,8.001208274E0
2.498140104E2,4.771244341E1,1.771467837E1,1.212077991E2,2.331555748E1,1.596858215E2,8.001208274E0,8.001208274E0
2.508140049E2,4.771224178E1,1.771480892E1,1.215527345E2,2.400763130E1,1.612810059E2,1.200181241E1,1.200181241E1
2.518139994E2,4.771204217E1,1.771489235E1,1.222542767E2,2.400763130E1,1.620277710E2,1.200181241E1,1.200181241E1
2.528139935E2,4.771182626E1,1.771497093E1,1.228682541E2,2.394089317E1,1.629939423E2,1.200181241E1,1.200181241E1
2.538139876E2,4.771162565E1,1.771506274E1,1.234426035E2,2.389967918E1,1.629954834E2,1.200181241E1,1.200181241E1
2.548139814E2,4.771140876E1,1.771514406E1,1.240790729E2,2.389967918E1,1.629939423E2,1.200181241E1,1.200181241E1
2.558139759E2,4.771119947E1,1.771522730E1,1.247108366E2,2.429985809E1,1.634171753E2,1.200181241E1,1.200181241E1
2.568139694E2,4.771098348E1,1.771530560E1,1.246392519E2,2.432412338E1,1.634171753E2,1.200181241E1,1.200181241E1
2.578139635E2,4.771078078E1,1.771539504E1,1.241966778E2,2.429985809E1,1.634171753E2,1.200181241E1,1.200181241E1
2.588139577E2,4.771057751E1,1.771548330E1,1.238221714E2,2.396229172E1,1.639313812E2,1.200181241E1,1.200181241E1
2.598139522E2,4.771038021E1,1.771556688E1,1.238757425E2,2.364295006E1,1.647221527E2,1.200181241E1,1.200181241E1
2.608139457E2,4.771017205E1,1.771565078E1,1.247871420E2,2.386722183E1,1.650758209E2,1.200181241E1,1.200181241E1
2.618139408E2,4.770998613E1,1.771572420E1,1.258934599E2,2.423399353E1,1.650758209E2,1.200181241E1,1.200181241E1
2.628139346E2,4.770977851E1,1.771580619E1,1.272417702E2,2.406168365E1,1.650758209E2,1.200181241E1,1.200181241E1
2.638139284E2,4.770957784E1,1.771588901E1,1.278773856E2,2.423399353E1,1.643758240E2,1.200181241E1,1.200181241E1
2.648139225E2,4.770935970E1,1.771598521E1,1.278499391E2,2.426356506E1,1.628346863E2,1.200181241E1,1.200181241E1
2.658139166E2,4.770914606E1,1.771608298E1,1.272941290E2,2.427367210E1,1.628346863E2,1.200181241E1,1.200181241E1
2.668139104E2,4.770893700E1,1.771621260E1,1.264145047E2,2.427367210E1,1.628346863E2,8.001208274E0,8.001208274E0
2.678139060E2,4.770872411E1,1.771628278E1,1.256092449E2,2.397736168E1,1.628346863E2,8.001208274E0,8.001208274E0
2.688138984E2,4.770850452E1,1.771636299E1,1.254273563E2,2.362834740E1,1.628346863E2,8.001208274E0,8.001208274E0
2.698138927E2,4.770829650E1,1.771643030E1,1.255243454E2,2.299673653E1,1.628346863E2,8.001208274E0,8.001208274E0
2.708138876E2,4.770810523E1,1.771651279E1,1.254846333E2,2.169894600E1,1.628346863E2,8.001208274E0,8.001208274E0
2.718138816E2,4.770792423E1,1.771658634E1,1.256825358E2,2.169894600E1,1.630881348E2,8.001208274E0,8.001208274E0
2.728138752E2,4.770776281E1,1.771664063E1,1.247590674E2,2.109298515E1,1.646431885E2,8.001208274E0,8.001208274E0
2.738138696E2,4.770758319E1,1.771673227E1,1.232084915E2,2.059061813E1,1.670613403E2,8.001208274E0,8.001208274E0
2.748138636E2,4.770740554E1,1.771681376E1,1.214685600E2,2.026928902E1,1.688092194E2,8.001208274E0,8.001208274E0
2.758138579E2,4.770723597E1,1.771687484E1,1.200321553E2,1.879929161E1,1.708105621E2,8.001208274E0,8.001208274E0
2.768138527E2,4.770707150E1,1.771690109E1,1.191602311E2,1.879929161E1,1.715992584E2,8.001208274E0,8.001208274E0
2.778138465E2,4.770693226E1,1.771691170E1,1.186514796E2,1.749494362E1,1.723297577E2,8.001208274E0,8.001208274E0
2.788138405E2,4.770680432E1,1.771696304E1,1.183387728E2,1.550669193E1,1.723297577E2,1.200181241E1,1.200181241E1
2.798138350E2,4.770669340E1,1.771698614E1,1.179966439E2,1.468481827E1,1.718731537E2,1.200181241E1,1.200181241E1
2.808138328E2,4.770658590E1,1.771700888E1,1.176553082E2,1.269046211E1,1.718731537E2,1.200181241E1,1.200181241E1
2.818138230E2,4.770649683E1,1.771689613E1,1.176104081E2,1.269046211E1,2.098328916E2,1.200181241E1,1.200181241E1
2.828138173E2,4.770643211E1,1.771678784E1,1.177710014E2,1.159710407E1,2.271359738E2,8.001208274E0,8.001208274E0
2.838138113E2,4.770637234E1,1.771666069E1,1.179227006E2,1.159710407E1,2.397835170E2,8.001208274E0,8.001208274E0
2.848138046E2,4.770631753E1,1.771651205E1,1.179635511E2,1.245125294E1,2.550129264E2,8.001208274E0,8.001208274E0
2.858137988E2,4.770630571E1,1.771629276E1,1.178695283E2,1.465596962E1,2.723887329E2,8.001208274E0,8.001208274E0
2.868137935E2,4.770630140E1,1.771606772E1,1.176787554E2,1.597316742E1,2.787205505E2,8.001208274E0,8.001208274E0
2.878137881E2,4.770633035E1,1.771584628E1,1.175369471E2,1.597316742E1,2.816725159E2,8.001208274E0,8.001208274E0
2.888137811E2,4.770636909E1,1.771561271E1,1.174102388E2,1.729021454E1,2.814403687E2,8.001208274E0,8.001208274E0
2.898137761E2,4.770640346E1,1.771536752E1,1.175298709E2,1.855533409E1,2.808538513E2,8.001208274E0,8.001208274E0
2.908137698E2,4.770645125E1,1.771511837E1,1.176650457E2,1.968217087E1,2.808527527E2,1.200181241E1,1.200181241E1
2.918137654E2,4.770649236E1,1.771485677E1,1.177895801E2,2.042613792E1,2.817331238E2,1.200181241E1,1.200181241E1
2.928137580E2,4.770653453E1,1.771457918E1,1.179866587E2,2.042613792E1,2.798160095E2,1.200181241E1,1.200181241E1
2.938137524E2,4.770656439E1,1.771429587E1,1.183363959E2,2.147282219E1,2.775166016E2,1.200181241E1,1.200181241E1
2.948137469E2,4.770658510E1,1.771401223E1,1.189204251E2,2.147282219E1,2.765239563E2,1.200181241E1,1.200181241E1
2.958137405E2,4.770660688E1,1.771372970E1,1.195226925E2,2.095461845E1,2.765239563E2,1.200181241E1,1.200181241E1
2.968137348E2,4.770662328E1,1.771344380E1,1.203495452E2,2.097653770E1,2.786032410E2,1.200181241E1,1.200181241E1
2.978137295E2,4.770663427E1,1.771316640E1,1.210958047E2,2.097653770E1,2.775265198E2,1.200181241E1,1.200181241E1
2.988137230E2,4.770664471E1,1.771288241E1,1.211928565E2,2.097653770E1,2.745598755E2,1.200181241E1,1.200181241E1
2.998137184E2,4.770664991E1,1.771261060E1,1.207544430E2,2.084012222E1,2.693988037E2,1.200181241E1,1.200181241E1
3.008137114E2,4.770665769E1,1.771233859E1,1.206246886E2,2.077407265E1,2.693988037E2,1.200181241E1,1.200181241E1
3.018137048E2,4.770666004E1,1.771205432E1,1.209570547E2,2.077407265E1,2.693988037E2,1.200181241E1,1.200181241E1
3.028136990E2,4.770665701E1,1.771177703E1,1.215503743E2,2.061349297E1,2.689186096E2,1.200181241E1,1.200181241E1
3.038136935E2,4.770664975E1,1.771150211E1,1.225150621E2,2.061349297E1,2.689186096E2,1.200181241E1,1.200181241E1
3.048136886E2,4.770666412E1,1.771121762E1,1.234155241E2,2.101604462E1,2.689186096E2,1.200181241E1,1.200181241E1
3.058136812E2,4.770667882E1,1.771095938E1,1.235922524E2,2.098911858E1,2.689186096E2,1.200181241E1,1.200181241E1
3.068136756E2,4.770669172E1,1.771069426E1,1.228889475E2,2.124158096E1,2.689186096E2,1.200181241E1,1.200181241E1
3.078136704E2,4.770669225E1,1.771040767E1,1.219370191E2,2.124158096E1,2.689186096E2,1.200181241E1,1.200181241E1
3.088136643E2,4.770668873E1,1.771013084E1,1.217494999E2,2.133842087E1,2.689186096E2,1.200181241E1,1.200181241E1
3.098136586E2,4.770668454E1,1.770984002E1,1.214716079E2,2.133842087E1,2.685802307E2,1.200181241E1,1.200181241E1
3.108136519E2,4.770667942E1,1.770953434E1,1.218736039E2,2.119113350E1,2.685802307E2,1.200181241E1,1.200181241E1
3.118136458E2,4.770667470E1,1.770924229E1,1.229123921E2,2.119113350E1,2.686402283E2,1.200181241E1,1.200181241E1
3.128136407E2,4.770666990E1,1.770894246E1,1.238815266E2,2.119113350E1,2.686402283E2,1.200181241E1,1.200181241E1
3.138136345E2,4.770666369E1,1.770867175E1,1.238899452E2,2.110279083E1,2.679801331E2,1.200181241E1,1.200181241E1
3.148136303E2,4.770665650E1,1.770836973E1,1.233442447E2,2.111824989E1,2.679801331E2,1.200181241E1,1.200181241E1
3.158136228E2,4.770664972E1,1.770808472E1,1.211995120E2,2.113686752E1,2.679801331E2,1.200181241E1,1.200181241E1
3.168136168E2,4.770664311E1,1.770780735E1,1.199365447E2,2.144903755E1,2.679801331E2,1.200181241E1,1.200181241E1
3.178136109E2,4.770663477E1,1.770753979E1,1.191588961E2,2.137233543E1,2.672676086E2,1.200181241E1,1.200181241E1
3.188136051E2,4.770664927E1,1.770725556E1,1.184106494E2,2.144903755E1,2.666561584E2,8.001208274E0,8.001208274E0
3.198135997E2,4.770663143E1,1.770695853E1,1.178781343E2,2.174988174E1,2.666561584E2,8.001208274E0,8.001208274E0
3.208135946E2,4.770662316E1,1.770665667E1,1.175804232E2,2.189116859E1,2.651059875E2,8.001208274E0,8.001208274E0
3.218135886E2,4.770661206E1,1.770636267E1,1.173621679E2,2.194003296E1,2.643298950E2,8.001208274E0,8.001208274E0
3.228135818E2,4.770660171E1,1.770608657E1,1.175142834E2,2.189116859E1,2.643298950E2,8.001208274E0,8.001208274E0
3.238135761E2,4.770658545E1,1.770579110E1,1.179085508E2,2.174710274E1,2.640439453E2,8.001208274E0,8.001208274E0
3.248135697E2,4.770656630E1,1.770551181E1,1.177474221E2,2.150383759E1,2.640439453E2,8.001208274E0,8.001208274E0
3.258135642E2,4.770653753E1,1.770524164E1,1.170759335E2,2.023553276E1,2.640439453E2,8.001208274E0,8.001208274E0
3.268135589E2,4.770651199E1,1.770499667E1,1.168432070E2,2.023553276E1,2.640439453E2,8.001208274E0,8.001208274E0
3.278135525E2,4.770648924E1,1.770471573E1,1.168740557E2,2.023553276E1,2.640439453E2,8.001208274E0,8.001208274E0
3.288135467E2,4.770647645E1,1.770442866E1,1.169090834E2,2.012074280E1,2.644078064E2,8.001208274E0,8.001208274E0
3.298135402E2,4.770645927E1,1.770415760E1,1.168280326E2,2.023567963E1,2.651111450E2,8.001208274E0,8.001208274E0
3.308135352E2,4.770644628E1,1.770390839E1,1.167734141E2,2.012272072E1,2.651111450E2,8.001208274E0,8.001208274E0
3.318135294E2,4.770642352E1,1.770364403E1,1.164528369E2,2.012272072E1,2.651111450E2,8.001208274E0,8.001208274E0
3.328135227E2,4.770639905E1,1.770338421E1,1.164925611E2,2.008687782E1,2.651111450E2,8.001208274E0,8.001208274E0
3.338135175E2,4.770638041E1,1.770313190E1,1.163792957E2,2.008402252E1,2.658174438E2,8.001208274E0,8.001208274E0
3.348135118E2,4.770636628E1,1.770286969E1,1.162469410E2,1.998753738E1,2.658174438E2,8.001208274E0,8.001208274E0
3.358135053E2,4.770635627E1,1.770260616E1,1.161749836E2,2.007858658E1,2.658174438E2,8.001208274E0,8.001208274E0
3.368134995E2,4.770633896E1,1.770233830E1,1.163280235E2,2.007858658E1,2.658174438E2,8.001208274E0,8.001208274E0
3.378134935E2,4.770632681E1,1.770206770E1,1.164292955E2,1.996791077E1,2.658174438E2,8.001208274E0,8.001208274E0
3.388134880E2,4.770632366E1,1.770178729E1,1.163920579E2,1.996791077E1,2.661976624E2,8.001208274E0,8.001208274E0
3.398134825E2,4.770632072E1,1.770150566E1,1.164750025E2,2.020336151E1,2.665714111E2,8.001208274E0,8.001208274E0
3.408134760E2,4.770631459E1,1.770127698E1,1.166499733E2,1.997957230E1,2.665714111E2,8.001208274E0,8.001208274E0
3.418134705E2,4.770628494E1,1.770098962E1,1.167356543E2,2.030116272E1,2.665714111E2,8.001208274E0,8.001208274E0
3.428134642E2,4.770626011E1,1.770071722E1,1.167369165E2,1.998896217E1,2.665714111E2,8.001208274E0,8.001208274E0
3.438134578E2,4.770623869E1,1.770046696E1,1.168182866E2,2.012800407E1,2.665714111E2,8.001208274E0,8.001208274E0
3.448134791E2,4.770622677E1,1.770019748E1,1.168270004E2,2.036118317E1,2.665714111E2,8.001208274E0,8.001208274E0
3.458134470E2,4.770621192E1,1.769992618E1,1.167794358E2,2.053759003E1,2.657938843E2,8.001208274E0,8.001208274E0
3.468134408E2,4.770619327E1,1.769964233E1,1.167455930E2,2.036118317E1,2.650848083E2,8.001208274E0,8.001208274E0
3.478134351E2,4.770618817E1,1.769938868E1,1.165926848E2,2.020559502E1,2.650523376E2,8.001208274E0,8.001208274E0
3.488134291E2,4.770617124E1,1.769915754E1,1.168068709E2,1.938537979E1,2.650523376E2,8.001208274E0,8.001208274E0
3.498134234E2,4.770614436E1,1.769892817E1,1.169373701E2,1.762855339E1,2.650180664E2,8.001208274E0,8.001208274E0
3.508134178E2,4.770612824E1,1.769868884E1,1.166875309E2,1.762855339E1,2.650180664E2,1.200181241E1,1.200181241E1
3.518134123E2,4.770613219E1,1.769844912E1,1.166705532E2,1.761283302E1,2.650180664E2,1.200181241E1,1.200181241E1
3.528134062E2,4.770612935E1,1.769821746E1,1.167283327E2,1.719034767E1,2.650180664E2,1.200181241E1,1.200181241E1
3.538133998E2,4.770611636E1,1.769799683E1,1.166884213E2,1.713915825E1,2.650180664E2,1.200181241E1,1.200181241E1
3.548133940E2,4.770611993E1,1.769777599E1,1.165615755E2,1.725642014E1,2.650180664E2,8.001208274E0,8.001208274E0
3.558133886E2,4.770611879E1,1.769755119E1,1.167206347E2,1.725642014E1,2.650180664E2,8.001208274E0,8.001208274E0
3.568133820E2,4.770610833E1,1.769733045E1,1.165847233E2,1.725642014E1,2.650180664E2,8.001208274E0,8.001208274E0
3.578133762E2,4.770609263E1,1.769709320E1,1.166226580E2,1.739382172E1,2.650180664E2,8.001208274E0,8.001208274E0
3.588133712E2,4.770607744E1,1.769685114E1,1.167646595E2,1.760697556E1,2.634490051E2,8.001208274E0,8.001208274E0
3.598133644E2,4.770607634E1,1.769661165E1,1.168332695E2,1.769819641E1,2.634490051E2,8.001208274E0,8.001208274E0
3.608133582E2,4.770606098E1,1.769637572E1,1.168613615E2,1.769819641E1,2.634490051E2,8.001208274E0,8.001208274E0
3.618133532E2,4.770603662E1,1.769615834E1,1.169450164E2,1.734612274E1,2.639714050E2,8.001208274E0,8.001208274E0
3.628133469E2,4.770602096E1,1.769593746E1,1.170038778E2,1.674980736E1,2.639714050E2,8.001208274E0,8.001208274E0
3.638133408E2,4.770598926E1,1.769572081E1,1.170412947E2,1.637584877E1,2.647537537E2,8.001208274E0,8.001208274E0
3.648133355E2,4.770596042E1,1.769550748E1,1.170647431E2,1.615087318E1,2.657385559E2,8.001208274E0,8.001208274E0
3.658133290E2,4.770595191E1,1.769528664E1,1.170526409E2,1.668144798E1,2.657385559E2,8.001208274E0,8.001208274E0
3.668133227E2,4.770594676E1,1.769506101E1,1.169277521E2,1.668144798E1,2.661463623E2,8.001208274E0,8.001208274E0
3.678133173E2,4.770593454E1,1.769483673E1,1.168416274E2,1.668144798E1,2.661463623E2,8.001208274E0,8.001208274E0
3.688133113E2,4.770590935E1,1.769460005E1,1.168017863E2,1.667440033E1,2.661463623E2,8.001208274E0,8.001208274E0
3.698133056E2,4.770590281E1,1.769438000E1,1.168426538E2,1.635463333E1,2.658558655E2,8.001208274E0,8.001208274E0
3.708132995E2,4.770588877E1,1.769416231E1,1.169536788E2,1.635463333E1,2.658558655E2,8.001208274E0,8.001208274E0
3.718132941E2,4.770586980E1,1.769393235E1,1.170805497E2,1.635463333E1,2.658558655E2,8.001208274E0,8.001208274E0
3.728132880E2,4.770584833E1,1.769371505E1,1.171780787E2,1.678804207E1,2.658558655E2,8.001208274E0,8.001208274E0
3.738132819E2,4.770582647E1,1.769347053E1,1.171843434E2,1.734389305E1,2.658558655E2,8.001208274E0,8.001208274E0
3.748132772E2,4.770582006E1,1.769323871E1,1.171575041E2,1.775505257E1,2.652040710E2,8.001208274E0,8.001208274E0
3.758132700E2,4.770580543E1,1.769300705E1,1.171376678E2,1.792007065E1,2.652040710E2,8.001208274E0,8.001208274E0
3.768132643E2,4.770579223E1,1.769276496E1,1.171781737E2,1.783844948E1,2.652040710E2,8.001208274E0,8.001208274E0
3.778130147E2,4.770578513E1,1.769253101E1,1.174434930E2,1.792007065E1,2.652040710E2,8.001208274E0,8.001208274E0
3.788123733E2,4.770578172E1,1.769228226E1,1.176246712E2,1.797090912E1,2.652040710E2,8.001208274E0,8.001208274E0
3.798117634E2,4.770576362E1,1.769204862E1,1.175679584E2,1.830051994E1,2.652040710E2,8.001208274E0,8.001208274E0
3.808111960E2,4.770574754E1,1.769182523E1,1.174401191E2,1.830051994E1,2.652040710E2,8.001208274E0,8.001208274E0
3.818106699E2,4.770572522E1,1.769156380E1,1.172751608E2,1.816822243E1,2.652040710E2,8.001208274E0,8.001208274E0
3.828101631E2,4.770571558E1,1.769132299E1,1.171267741E2,1.795288086E1,2.652040710E2,8.001208274E0,8.001208274E0
3.838096956E2,4.770570659E1,1.769107614E1,1.171097245E2,1.795288086E1,2.652040710E2,8.001208274E0,8.001208274E0
3.848092618E2,4.770569597E1,1.769084340E1,1.170696497E2,1.796518135E1,2.652040710E2,8.001208274E0,8.001208274E0
3.858088471E2,4.770569032E1,1.769060439E1,1.167637929E2,1.861270142E1,2.652040710E2,8.001208274E0,8.001208274E0
3.868084620E2,4.770567590E1,1.769036272E1,1.165199077E2,1.861270142E1,2.652040710E2,8.001208274E0,8.001208274E0
3.878080962E2,4.770565796E1,1.769011465E1,1.163640814E2,1.864166451E1,2.652040710E2,8.001208274E0,8.001208274E0
3.888077589E2,4.770563618E1,1.768986058E1,1.163948337E2,1.864166451E1,2.652040710E2,8.001208274E0,8.001208274E0
3.898074358E2,4.770562478E1,1.768961163E1,1.164093621E2,1.786618233E1,2.652040710E2,8.001208274E0,8.001208274E0
3.908071378E2,4.770562613E1,1.768938510E1,1.163070079E2,1.786618233E1,2.652040710E2,8.001208274E0,8.001208274E0
3.918068551E2,4.770561390E1,1.768914813E1,1.162489545E2,1.785495377E1,2.652040710E2,8.001208274E0,8.001208274E0
3.928065825E2,4.770559711E1,1.768890578E1,1.162927662E2,1.778942108E1,2.652040710E2,8.001208274E0,8.001208274E0
3.938063381E2,4.770558937E1,1.768867228E1,1.166478035E2,1.758814812E1,2.652040710E2,8.001208274E0,8.001208274E0
3.948061043E2,4.770556382E1,1.768845976E1,1.168423480E2,1.596321869E1,2.652040710E2,8.001208274E0,8.001208274E0
3.958058891E2,4.770554005E1,1.768826399E1,1.165879408E2,1.596321869E1,2.652040710E2,8.001208274E0,8.001208274E0
3.968056790E2,4.770552368E1,1.768807257E1,1.160755448E2,1.570555687E1,2.652040710E2,8.001208274E0,8.001208274E0
3.978054910E2,4.770550679E1,1.768790766E1,1.157512400E2,1.271608734E1,2.651355896E2,8.001208274E0,8.001208274E0
3.988053110E2,4.770550117E1,1.768779197E1,1.157145523E2,1.045204830E1,2.651355896E2,8.001208274E0,8.001208274E0
3.998051391E2,4.770550417E1,1.768771660E1,1.158283411E2,7.668356419E0,2.651355896E2,8.001208274E0,8.001208274E0
4.008049796E2,4.770549447E1,1.768767203E1,1.159136443E2,7.835855484E0,2.234469339E2,8.001208274E0,8.001208274E0
4.018048258E2,4.770542545E1,1.768756075E1,1.159294256E2,7.835855484E0,1.749151306E2,8.001208274E0,8.001208274E0
4.028046827E2,4.770533961E1,1.768757206E1,1.158524927E2,8.765905380E0,1.749151306E2,8.001208274E0,8.001208274E0
4.038045514E2,4.770525021E1,1.768758385E1,1.156971019E2,8.899727821E0,1.749151306E2,8.001208274E0,8.001208274E0
4.048044252E2,4.770515946E1,1.768759582E1,1.155711090E2,1.015711117E1,1.748967896E2,8.001208274E0,8.001208274E0
4.058043076E2,4.770506502E1,1.768760832E1,1.155897796E2,1.082409382E1,1.748967896E2,8.001208274E0,8.001208274E0
4.068041995E2,4.770496659E1,1.768762134E1,1.157068658E2,1.082409382E1,1.748967896E2,8.001208274E0,8.001208274E0
4.078040925E2,4.770483356E1,1.768763894E1,1.158609572E2,1.095763779E1,1.748967896E2,8.001208274E0,8.001208274E0
4.088039962E2,4.770472557E1,1.768765322E1,1.160281425E2,1.095763779E1,1.748967896E2,8.001208274E0,8.001208274E0
4.098039051E2,4.770461746E1,1.768766753E1,1.162429170E2,9.633164406E0,1.748967896E2,8.001208274E0,8.001208274E0
4.108038168E2,4.770452807E1,1.768767935E1,1.163560479E2,9.633164406E0,1.748967896E2,8.001208274E0,8.001208274E0
4.118037355E2,4.770448971E1,1.768768443E1,1.163505931E2,7.542650223E0,1.748967896E2,8.001208274E0,8.001208274E0
4.128036582E2,4.770448443E1,1.768768513E1,1.162805454E2,5.168972492E0,1.748967896E2,8.001208274E0,8.001208274E0
4.138035882E2,4.770448443E1,1.768768513E1,1.162227151E2,1.944580555E0,1.748967896E2,8.001208274E0,8.001208274E0
4.148035192E2,4.770448443E1,1.768768513E1,1.161925836E2,1.701061010E0,1.748967896E2,1.200181241E1,1.200181241E1
4.158034548E2,4.770448443E1,1.768768513E1,1.161771147E2,2.487678766E0,1.748967896E2,1.200181241E1,1.200181241E1
4.168033943E2,4.770442377E1,1.768768515E1,1.161652407E2,2.487678766E0,1.800000000E2,8.001208274E0,8.001208274E0
4.178033341E2,4.770448677E1,1.768780765E1,1.161723342E2,3.037187099E0,8.824296570E1,8.001208274E0,8.001208274E0
4.188032809E2,4.770448935E1,1.768787893E1,1.161877515E2,4.541467667E0,8.343815613E1,8.001208274E0,8.001208274E0
4.198032297E2,4.770449308E1,1.768792695E1,1.161718387E2,3.817227840E0,8.343815613E1,8.001208274E0,8.001208274E0
4.208031819E2,4.770449852E1,1.768792857E1,1.161513510E2,3.817227840E0,3.549284058E2,8.001208274E0,8.001208274E0
4.218031365E2,4.770451218E1,1.768792678E1,1.161447017E2,3.817227840E0,3.549284058E2,8.001208274E0,8.001208274E0
4.228030925E2,4.770456568E1,1.768791974E1,1.161502577E2,4.249651432E0,3.549284058E2,8.001208274E0,8.001208274E0
4.238030524E2,4.770460773E1,1.768791422E1,1.161719758E2,4.249651432E0,3.549284058E2,8.001208274E0,8.001208274E0
4.248030139E2,4.770464667E1,1.768796136E1,1.162115560E2,3.869884968E0,3.568742422E2,8.001208274E0,8.001208274E0
4.258029780E2,4.770466667E1,1.768796614E1,1.162610249E2,3.869884968E0,3.557966843E2,8.001208274E0,8.001208274E0
4.268029433E2,4.770469459E1,1.768795558E1,1.162979832E2,3.728038788E0,3.560747823E2,8.001208274E0,8.001208274E0
4.278029108E2,4.770472367E1,1.768796227E1,1.163441687E2,3.728038788E0,3.572326086E2,8.001208274E0,8.001208274E0
4.288028783E2,4.770476834E1,1.768797195E1,1.163787112E2,3.845125675E0,3.567754504E2,8.001208274E0,8.001208274E0
4.298028498E2,4.770481683E1,1.768795654E1,1.163727722E2,4.824706554E0,3.557509493E2,8.001208274E0,8.001208274E0
4.308028212E2,4.770485876E1,1.768793150E1,1.163609173E2,4.824706554E0,3.544524757E2,8.001208274E0,8.001208274E0
4.318027939E2,4.770491444E1,1.768788778E1,1.163500089E2,4.705888748E0,3.539882141E2,8.001208274E0,8.001208274E0
4.328027693E2,4.770495423E1,1.768788062E1,1.163289779E2,4.699692249E0,3.547090176E2,8.001208274E0,8.001208274E0
4.338029670E2,4.770500383E1,1.768787195E1,1.162866236E2,4.523215771E0,3.551480076E2,8.001208274E0,8.001208274E0
4.348029436E2,4.770504058E1,1.768787483E1,1.162221831E2,4.523215771E0,3.544420938E2,8.001208274E0,8.001208274E0
4.358034422E2,4.770507580E1,1.768787362E1,1.161781383E2,4.272937775E0,3.564005823E2,8.001208274E0,8.001208274E0
4.368039834E2,4.770511379E1,1.768785527E1,1.161502506E2,4.107747078E0,3.576639214E2,8.001208274E0,8.001208274E0
4.378045933E2,4.770514588E1,1.768784720E1,1.161327951E2,4.078181267E0,3.538162573E2,8.001208274E0,8.001208274E0
4.388052217E2,4.770521424E1,1.768783841E1,1.161218897E2,4.082981110E0,8.452525139E0,8.001208274E0,8.001208274E0
4.398058110E2,4.770523776E1,1.768784408E1,1.161150725E2,4.078181267E0,3.065553665E1,8.001208274E0,8.001208274E0
4.408063819E2,4.770526418E1,1.768788876E1,1.161108202E2,3.597187757E0,7.704515076E1,8.001208274E0,8.001208274E0
4.418069127E2,4.770526752E1,1.768795310E1,1.161081703E2,4.463223457E0,8.740486145E1,8.001208274E0,8.001208274E0
4.428074161E2,4.770526878E1,1.768800222E1,1.161065045E2,4.463223457E0,8.888026428E1,8.001208274E0,8.001208274E0
4.438078634E2,4.770523065E1,1.768806617E1,1.161054728E2,3.924581289E0,1.475784767E2,8.001208274E0,8.001208274E0
4.448082764E2,4.770518886E1,1.768810484E1,1.160940949E2,3.924581289E0,1.714436358E2,8.001208274E0,8.001208274E0
4.458087072E2,4.770514469E1,1.768811610E1,1.160558782E2,5.248451710E0,1.773395097E2,8.001208274E0,8.001208274E0
4.468091317E2,4.770509869E1,1.768811632E1,1.160313061E2,5.405744076E0,1.769265838E2,8.001208274E0,8.001208274E0
4.478095198E2,4.770504856E1,1.768812472E1,1.160279837E2,5.248451710E0,1.769959375E2,8.001208274E0,8.001208274E0
4.488098887E2,4.770500606E1,1.768814083E1,1.160386790E2,5.084801197E0,1.752657823E2,8.001208274E0,8.001208274E0
4.498102393E2,4.770496169E1,1.768814432E1,1.160590708E2,4.713753700E0,1.770184089E2,8.001208274E0,8.001208274E0
4.508105750E2,4.770490968E1,1.768815340E1,1.160605469E2,4.713753700E0,1.778311741E2,8.001208274E0,8.001208274E0
4.518108758E2,4.770486828E1,1.768815059E1,1.160365383E2,4.572369099E0,1.755623765E2,8.001208274E0,8.001208274E0
4.528111712E2,4.770482879E1,1.768814236E1,1.160029226E2,4.365980625E0,1.753244400E2,8.001208274E0,8.001208274E0
4.538114361E2,4.770478917E1,1.768814920E1,1.159698155E2,4.147696972E0,1.716197454E2,8.001208274E0,8.001208274E0
4.548116850E2,4.770475409E1,1.768817091E1,1.159265420E2,4.147696972E0,1.736794299E2,8.001208274E0,8.001208274E0
4.558119148E2,4.770472431E1,1.768815430E1,1.158594827E2,4.147696972E0,1.752039964E2,8.001208274E0,8.001208274E0
4.568121389E2,4.770467585E1,1.768816995E1,1.158186231E2,4.160453320E0,1.733272380E2,1.200181241E1,1.200181241E1
4.578123484E2,4.770463387E1,1.768819792E1,1.157964921E2,4.293023586E0,1.750592784E2,1.200181241E1,1.200181241E1
4.588125463E2,4.770459641E1,1.768819986E1,1.157808344E2,4.293023586E0,1.762766093E2,1.200181241E1,1.200181241E1
4.598127291E2,4.770456421E1,1.768819724E1,1.157929466E2,3.959000111E0,1.796523347E2,1.200181241E1,1.200181241E1
4.608129033E2,4.770454033E1,1.768819558E1,1.158244115E2,3.372784376E0,1.896945706E2,1.200181241E1,1.200181241E1
4.618130709E2,4.770451411E1,1.768814889E1,1.158619726E2,3.048237562E0,2.141106801E2,1.200181241E1,1.200181241E1
4.628132319E2,4.770451205E1,1.768815000E1,1.159101959E2,4.119616985E0,2.554746472E2,1.200181241E1,1.200181241E1
4.638133798E2,4.770451063E1,1.768814087E1,1.159561895E2,4.119616985E0,2.692975294E2,1.200181241E1,1.200181241E1
4.648135240E2,4.770449653E1,1.768798419E1,1.160069177E2,4.684261322E0,2.635360107E2,8.001208274E0,8.001208274E0
4.658136561E2,4.770449220E1,1.768791558E1,1.160549883E2,4.102400303E0,2.634381409E2,8.001208274E0,8.001208274E0
4.668137840E2,4.770448762E1,1.768784881E1,1.160983848E2,4.102400303E0,2.682429810E2,8.001208274E0,8.001208274E0
4.678139046E2,4.770448684E1,1.768781080E1,1.161360130E2,3.871395111E0,2.682429810E2,8.001208274E0,8.001208274E0
4.688140203E2,4.770448573E1,1.768775736E1,1.161632317E2,3.871395111E0,3.050040372E2,1.200181241E1,1.200181241E1
4.698141301E2,4.770448810E1,1.768770336E1,1.161960011E2,5.483648777E0,3.370126259E2,1.200181241E1,1.200181241E1
4.708142343E2,4.770458179E1,1.768767225E1,1.162333769E2,5.947205067E0,3.548967896E2,1.200181241E1,1.200181241E1
4.718143327E2,4.770464655E1,1.768766018E1,1.162999563E2,5.947205067E0,3.533028183E2,1.200181241E1,1.200181241E1
4.728144289E2,4.770471122E1,1.768765488E1,1.163795909E2,6.130226612E0,3.538306280E2,1.200181241E1,1.200181241E1
4.738145168E2,4.770477334E1,1.768763118E1,1.164723139E2,6.903044224E0,3.534686553E2,1.200181241E1,1.200181241E1
4.748146024E2,4.770483128E1,1.768761575E1,1.164837697E2,6.903044224E0,3.547263663E2,1.200181241E1,1.200181241E1
4.758146858E2,4.770489468E1,1.768762721E1,1.164416017E2,6.775868893E0,3.554659938E2,1.200181241E1,1.200181241E1
4.768147639E2,4.770495525E1,1.768762284E1,1.163834695E2,6.442455292E0,3.548967896E2,1.200181241E1,1.200181241E1
4.778148395E2,4.770501485E1,1.768761495E1,1.163097196E2,5.817026138E0,3.548967896E2,1.200181241E1,1.200181241E1
4.788149130E2,4.770507357E1,1.768760718E1,1.162252617E2,6.292741776E0,3.548967896E2,1.200181241E1,1.200181241E1
4.798149821E2,4.770511346E1,1.768760191E1,1.161312187E2,6.135924339E0,3.548967896E2,1.200181241E1,1.200181241E1
4.808150482E2,4.770516510E1,1.768759507E1,1.160452946E2,6.135924339E0,3.548967896E2,1.200181241E1,1.200181241E1
4.818151127E2,4.770520575E1,1.768758971E1,1.159758242E2,5.796419621E0,3.549151306E2,1.200181241E1,1.200181241E1
4.828151759E2,4.770525959E1,1.768758261E1,1.159263189E2,5.796419621E0,3.549151306E2,1.200181241E1,1.200181241E1
4.838152359E2,4.770530392E1,1.768757677E1,1.158461532E2,5.495555878E0,3.549151306E2,1.200181241E1,1.200181241E1
4.848152918E2,4.770532851E1,1.768757353E1,1.157761051E2,4.342741489E0,3.549151306E2,8.001208274E0,8.001208274E0
4.858153466E2,4.770536543E1,1.768756866E1,1.157659555E2,4.143413067E0,3.549151306E2,8.001208274E0,8.001208274E0
4.868154017E2,4.770541543E1,1.768756207E1,1.157783438E2,4.868979931E0,3.773078460E1,8.001208274E0,8.001208274E0
4.878154523E2,4.770545721E1,1.768772488E1,1.158307652E2,4.868979931E0,8.513558197E1,8.001208274E0,8.001208274E0
4.888155026E2,4.770547095E1,1.768779971E1,1.159048642E2,5.311479092E0,8.513558197E1,8.001208274E0,8.001208274E0
4.898155515E2,4.770548430E1,1.768790312E1,1.159618224E2,7.241596222E0,8.513558197E1,8.001208274E0,8.001208274E0
4.908155986E2,4.770547104E1,1.768798661E1,1.159054592E2,7.241596222E0,8.513558197E1,8.001208274E0,8.001208274E0
4.918156453E2,4.770546768E1,1.768809834E1,1.157906188E2,7.241596222E0,8.520407867E1,8.001208274E0,8.001208274E0
4.928156872E2,4.770547688E1,1.768820877E1,1.156403362E2,7.070818424E0,8.520407867E1,8.001208274E0,8.001208274E0
4.938157299E2,4.770548827E1,1.768831051E1,1.154936780E2,7.569853306E0,8.520407867E1,8.001208274E0,8.001208274E0
4.948157732E2,4.770549797E1,1.768842158E1,1.153598380E2,8.030425072E0,8.520407867E1,8.001208274E0,8.001208274E0
4.958158138E2,4.770550098E1,1.768853493E1,1.154224382E2,8.030425072E0,8.520407867E1,8.001208274E0,8.001208274E0
4.968158537E2,4.770551509E1,1.768861671E1,1.157039195E2,8.251556396E0,8.520407867E1,8.001208274E0,8.001208274E0
4.978158932E2,4.770551562E1,1.768873481E1,1.160967725E2,8.489013672E0,8.520407867E1,8.001208274E0,8.001208274E0
4.988159317E2,4.770551814E1,1.768886996E1,1.163646970E2,8.489013672E0,8.520407867E1,8.001208274E0,8.001208274E0
4.998159690E2,4.770552626E1,1.768897500E1,1.165396676E2,8.304996490E0,8.520407867E1,8.001208274E0,8.001208274E0
5.008160053E2,4.770552414E1,1.768905446E1,1.165869376E2,8.304996490E0,8.520407867E1,1.200181241E1,1.200181241E1
5.018160423E2,4.770553369E1,1.768919039E1,1.165308003E2,8.934418678E0,8.520407867E1,1.200181241E1,1.200181241E1
5.028160774E2,4.770554676E1,1.768932188E1,1.163809498E2,8.934418678E0,8.520407867E1,1.200181241E1,1.200181241E1
5.038161114E2,4.770554493E1,1.768944962E1,1.162719493E2,8.934418678E0,8.520407867E1,1.200181241E1,1.200181241E1
5.048161451E2,4.770556493E1,1.768956453E1,1.161956256E2,8.928697586E0,8.520407867E1,1.200181241E1,1.200181241E1
5.058161801E2,4.770557821E1,1.768968288E1,1.161598133E2,9.187058449E0,8.520407867E1,1.200181241E1,1.200181241E1
5.068162124E2,4.770557339E1,1.768981453E1,1.161386403E2,9.285888672E0,8.520407867E1,1.200181241E1,1.200181241E1
5.078162452E2,4.770557464E1,1.768994786E1,1.162305659E2,9.285888672E0,8.520407867E1,1.200181241E1,1.200181241E1
5.088162771E2,4.770558562E1,1.769007805E1,1.164482515E2,9.390580177E0,8.520407867E1,8.001208274E0,8.001208274E0
5.098163079E2,4.770559582E1,1.769021965E1,1.165623190E2,9.516877174E0,8.520407867E1,8.001208274E0,8.001208274E0
5.108163396E2,4.770559665E1,1.769035038E1,1.164736952E2,9.520586014E0,8.520407867E1,8.001208274E0,8.001208274E0
5.118163707E2,4.770560440E1,1.769048086E1,1.163431592E2,9.520586014E0,8.520407867E1,8.001208274E0,8.001208274E0
5.128164008E2,4.770560762E1,1.769061202E1,1.162541077E2,9.988884926E0,8.520407867E1,8.001208274E0,8.001208274E0
5.138164310E2,4.770561112E1,1.769074699E1,1.161539748E2,1.016765499E1,8.520407867E1,8.001208274E0,8.001208274E0
5.148164613E2,4.770561808E1,1.769087815E1,1.159909907E2,1.033611870E1,8.520407867E1,8.001208274E0,8.001208274E0
5.158164912E2,4.770563013E1,1.769101846E1,1.159189092E2,1.033611870E1,8.520407867E1,8.001208274E0,8.001208274E0
5.168165206E2,4.770563945E1,1.769116731E1,1.161475363E2,1.075178432E1,8.520407867E1,8.001208274E0,8.001208274E0
5.178165506E2,4.770565446E1,1.769132683E1,1.164849238E2,1.179865074E1,8.520407867E1,8.001208274E0,8.001208274E0
5.188165781E2,4.770566206E1,1.769149116E1,1.167150981E2,1.243072128E1,8.520407867E1,8.001208274E0,8.001208274E0
5.198166068E2,4.770567164E1,1.769166386E1,1.167849997E2,1.243072128E1,8.520407867E1,8.001208274E0,8.001208274E0
5.208166367E2,4.770568050E1,1.769184866E1,1.167006523E2,1.327465630E1,8.520407867E1,6.000906205E0,6.000906205E0
5.218166649E2,4.770569517E1,1.769202541E1,1.167680095E2,1.318495369E1,8.520407867E1,6.000906205E0,6.000906205E0
5.228166924E2,4.770570597E1,1.769220306E1,1.169338959E2,1.333021355E1,8.520407867E1,6.000906205E0,6.000906205E0
5.238167200E2,4.770571727E1,1.769238392E1,1.171445855E2,1.333021355E1,8.520407867E1,6.000906205E0,6.000906205E0
5.248167481E2,4.770573507E1,1.769257657E1,1.173171285E2,1.406203651E1,8.520407867E1,6.000906205E0,6.000906205E0
5.258167762E2,4.770574949E1,1.769277867E1,1.174741426E2,1.571124077E1,8.520407867E1,6.000906205E0,6.000906205E0
5.268168033E2,4.770575992E1,1.769299447E1,1.175929507E2,1.639107895E1,8.520407867E1,6.000906205E0,6.000906205E0
5.278168299E2,4.770577168E1,1.769322107E1,1.174882116E2,1.639107895E1,8.520407867E1,6.000906205E0,6.000906205E0
5.288168573E2,4.770578680E1,1.769344858E1,1.173517520E2,1.717869377E1,8.585586548E1,4.000604137E0,4.000604137E0
5.298168845E2,4.770580049E1,1.769369527E1,1.172594302E2,1.821568298E1,8.585586548E1,4.000604137E0,4.000604137E0
5.308169117E2,4.770580882E1,1.769392860E1,1.172010617E2,1.849306107E1,8.585586548E1,8.001208274E0,8.001208274E0
5.318169378E2,4.770582191E1,1.769415439E1,1.171645317E2,1.822828293E1,8.585586548E1,8.001208274E0,8.001208274E0
5.328169640E2,4.770582209E1,1.769440826E1,1.171417076E2,1.849306107E1,8.585586548E1,8.001208274E0,8.001208274E0
5.338169910E2,4.770583168E1,1.769466998E1,1.171274638E2,1.894096184E1,8.614636230E1,8.001208274E0,8.001208274E0
5.348170178E2,4.770584264E1,1.769492807E1,1.171185550E2,1.938039207E1,8.614636230E1,8.001208274E0,8.001208274E0
5.358170433E2,4.770584986E1,1.769519514E1,1.171015280E2,1.938039207E1,8.614636230E1,8.001208274E0,8.001208274E0
5.368170702E2,4.770586981E1,1.769544289E1,1.170808464E2,1.938039207E1,8.573854065E1,8.001208274E0,8.001208274E0
5.378170967E2,4.770590173E1,1.769571902E1,1.170693849E2,1.938797951E1,8.573854065E1,8.001208274E0,8.001208274E0
5.388171225E2,4.770592422E1,1.769597482E1,1.170802825E2,1.979796791E1,8.397141266E1,8.001208274E0,8.001208274E0
5.398171499E2,4.770594475E1,1.769624583E1,1.170888842E2,1.961534119E1,8.397141266E1,8.001208274E0,8.001208274E0
5.408171751E2,4.770595994E1,1.769649785E1,1.170944410E2,1.961534119E1,8.344899750E1,8.001208274E0,8.001208274E0
5.418172016E2,4.770596642E1,1.769675614E1,1.169513642E2,1.934150124E1,8.344899750E1,8.001208274E0,8.001208274E0
5.428172281E2,4.770598563E1,1.769701351E1,1.166995458E2,1.934150124E1,8.344899750E1,8.001208274E0,8.001208274E0
5.438172530E2,4.770599906E1,1.769728994E1,1.166675937E2,1.906849480E1,8.501806641E1,8.001208274E0,8.001208274E0
5.448172790E2,4.770599977E1,1.769752641E1,1.166398577E2,1.897057152E1,8.501806641E1,8.001208274E0,8.001208274E0
5.458173051E2,4.770600337E1,1.769777961E1,1.164779884E2,1.874389458E1,8.501806641E1,8.001208274E0,8.001208274E0
5.468173314E2,4.770601845E1,1.769803585E1,1.165450778E2,1.874389458E1,8.501806641E1,8.001208274E0,8.001208274E0
5.478173563E2,4.770603199E1,1.769826594E1,1.164187011E2,1.874389458E1,8.501806641E1,8.001208274E0,8.001208274E0
5.488173822E2,4.770604627E1,1.769850868E1,1.165646511E2,1.900084114E1,8.501806641E1,8.001208274E0,8.001208274E0
5.498174086E2,4.770606099E1,1.769875882E1,1.166524150E2,1.897000313E1,8.501806641E1,8.001208274E0,8.001208274E0
5.508174341E2,4.770607526E1,1.769900145E1,1.165920874E2,1.921485710E1,8.505233765E1,8.001208274E0,8.001208274E0
5.518174664E2,4.770609023E1,1.769925762E1,1.166312634E2,1.907553291E1,8.505233765E1,8.001208274E0,8.001208274E0
5.528174856E2,4.770610624E1,1.769951968E1,1.168450473E2,1.921485710E1,8.508480835E1,8.001208274E0,8.001208274E0
5.538175108E2,4.770612294E1,1.769979471E1,1.168695843E2,1.981064606E1,8.508480835E1,8.001208274E0,8.001208274E0
5.548175371E2,4.770613654E1,1.770007451E1,1.166950895E2,1.981064606E1,8.657141876E1,8.001208274E0,8.001208274E0
5.558175628E2,4.770614963E1,1.770035553E1,1.167915407E2,1.981064606E1,8.657141876E1,8.001208274E0,8.001208274E0
5.568175880E2,4.770617834E1,1.770061994E1,1.168694384E2,2.023969841E1,8.657141876E1,8.001208274E0,8.001208274E0
5.578176144E2,4.770620030E1,1.770089140E1,1.169324345E2,2.084093666E1,8.657141876E1,8.001208274E0,8.001208274E0
5.588176402E2,4.770620023E1,1.770114699E1,1.168599484E2,2.084093666E1,8.657141876E1,8.001208274E0,8.001208274E0
5.598176646E2,4.770622963E1,1.770143736E1,1.167426442E2,2.084093666E1,8.657141876E1,8.001208274E0,8.001208274E0
5.608176897E2,4.770624181E1,1.770171527E1,1.168573390E2,2.102319336E1,8.657141876E1,8.001208274E0,8.001208274E0
5.618177150E2,4.770626693E1,1.770196443E1,1.168776113E2,2.063645935E1,8.619764709E1,8.001208274E0,8.001208274E0
5.628177407E2,4.770627545E1,1.770222426E1,1.167343443E2,2.063645935E1,8.581744385E1,8.001208274E0,8.001208274E0
5.638177669E2,4.770629129E1,1.770248149E1,1.167463985E2,2.063645935E1,8.581744385E1,8.001208274E0,8.001208274E0
5.648177921E2,4.770631074E1,1.770275316E1,1.168193721E2,2.064148903E1,8.581744385E1,8.001208274E0,8.001208274E0
5.658178179E2,4.770631331E1,1.770306979E1,1.166490892E2,2.104765129E1,8.581744385E1,8.001208274E0,8.001208274E0
5.668178433E2,4.770633141E1,1.770334765E1,1.165043449E2,2.104765129E1,8.511113739E1,8.001208274E0,8.001208274E0
5.678178695E2,4.770632918E1,1.770362168E1,1.163988075E2,2.048892593E1,8.511113739E1,8.001208274E0,8.001208274E0
5.688178939E2,4.770632622E1,1.770388315E1,1.165778503E2,2.036798477E1,8.511113739E1,8.001208274E0,8.001208274E0
5.698179194E2,4.770633697E1,1.770416115E1,1.164783382E2,2.054369926E1,8.511113739E1,8.001208274E0,8.001208274E0
5.708179448E2,4.770635581E1,1.770444867E1,1.166407900E2,2.068229675E1,8.440782166E1,8.001208274E0,8.001208274E0
5.718179700E2,4.770637844E1,1.770471955E1,1.167647149E2,2.062684059E1,8.404395294E1,8.001208274E0,8.001208274E0
5.728179959E2,4.770640541E1,1.770499042E1,1.168443575E2,2.068229675E1,8.404395294E1,8.001208274E0,8.001208274E0
5.738180211E2,4.770641323E1,1.770527248E1,1.168943170E2,2.105150986E1,8.404395294E1,8.001208274E0,8.001208274E0
5.748180468E2,4.770642839E1,1.770554967E1,1.168962505E2,2.131093788E1,8.404395294E1,8.001208274E0,8.001208274E0
5.758180720E2,4.770645336E1,1.770584472E1,1.168288916E2,2.105150986E1,8.432988739E1,8.001208274E0,8.001208274E0
5.768180978E2,4.770647468E1,1.770613126E1,1.169673950E2,2.121289444E1,8.432988739E1,8.001208274E0,8.001208274E0
5.778181227E2,4.770649607E1,1.770640939E1,1.173968307E2,2.147409248E1,8.432988739E1,8.001208274E0,8.001208274E0
5.788181479E2,4.770649979E1,1.770670249E1,1.174031211E2,2.166490746E1,8.510597992E1,1.200181241E1,1.200181241E1
5.798181732E2,4.770651417E1,1.770696821E1,1.172829555E2,2.166490746E1,8.665615082E1,1.200181241E1,1.200181241E1
5.808181988E2,4.770652551E1,1.770725578E1,1.173511803E2,2.173816681E1,8.665615082E1,1.200181241E1,1.200181241E1
5.818182247E2,4.770653480E1,1.770753905E1,1.172291743E2,2.168916321E1,8.726760101E1,1.200181241E1,1.200181241E1
5.828182491E2,4.770655255E1,1.770783833E1,1.171626052E2,2.196050262E1,8.798012543E1,8.001208274E0,8.001208274E0
5.838183045E2,4.770657149E1,1.770813312E1,1.173833790E2,2.180630493E1,8.798012543E1,8.001208274E0,8.001208274E0
5.848183010E2,4.770657198E1,1.770842870E1,1.178964079E2,2.180630493E1,8.798012543E1,8.001208274E0,8.001208274E0
5.858183262E2,4.770657438E1,1.770871011E1,1.184193264E2,2.090976143E1,8.798012543E1,8.001208274E0,8.001208274E0
5.868183519E2,4.770659476E1,1.770900148E1,1.193128002E2,2.090976143E1,8.864024353E1,1.200181241E1,1.200181241E1
5.878183767E2,4.770661300E1,1.770927069E1,1.211292395E2,2.090976143E1,8.864024353E1,1.200181241E1,1.200181241E1
5.888184019E2,4.770663490E1,1.770957030E1,1.227719827E2,2.119468498E1,8.858022308E1,1.200181241E1,1.200181241E1
5.898184279E2,4.770663058E1,1.770986343E1,1.236407828E2,2.115319824E1,8.858022308E1,1.200181241E1,1.200181241E1
5.908184528E2,4.770662135E1,1.771012504E1,1.233059114E2,2.115319824E1,8.891862488E1,1.200181241E1,1.200181241E1
5.918184781E2,4.770661086E1,1.771040276E1,1.226715957E2,2.100143814E1,8.891862488E1,1.200181241E1,1.200181241E1
5.928185047E2,4.770662419E1,1.771068658E1,1.224098609E2,2.100143814E1,8.891862488E1,1.200181241E1,1.200181241E1
5.938185284E2,4.770662678E1,1.771097346E1,1.217550085E2,2.127770805E1,8.891862488E1,1.200181241E1,1.200181241E1
5.948185539E2,4.770662221E1,1.771125226E1,1.216929153E2,2.127770805E1,8.891862488E1,1.200181241E1,1.200181241E1
5.958185802E2,4.770661186E1,1.771152673E1,1.224731486E2,2.075808716E1,8.891862488E1,1.200181241E1,1.200181241E1
5.968186042E2,4.770661021E1,1.771180526E1,1.234008133E2,2.051268959E1,8.891862488E1,1.200181241E1,1.200181241E1
5.978186303E2,4.770661259E1,1.771208528E1,1.238727866E2,2.102951050E1,8.939878845E1,1.200181241E1,1.200181241E1
5.988186557E2,4.770661456E1,1.771236289E1,1.236764445E2,2.102951050E1,8.939878845E1,1.200181241E1,1.200181241E1
5.998186806E2,4.770661644E1,1.771264706E1,1.232085132E2,2.102951050E1,9.060755157E1,1.200181241E1,1.200181241E1
6.008187051E2,4.770660819E1,1.771292642E1,1.224935865E2,2.092864990E1,9.455988312E1,1.200181241E1,1.200181241E1
6.018187307E2,4.770658769E1,1.771318900E1,1.217166480E2,2.086827469E1,9.752651215E1,1.200181241E1,1.200181241E1
6.028187561E2,4.770655996E1,1.771346046E1,1.214877548E2,2.086827469E1,9.860324860E1,1.200181241E1,1.200181241E1
6.038187807E2,4.770653320E1,1.771373464E1,1.218073368E2,2.047601509E1,9.652396393E1,1.200181241E1,1.200181241E1
6.048188066E2,4.770651098E1,1.771402248E1,1.219231344E2,2.042507172E1,9.652396393E1,1.200181241E1,1.200181241E1
6.058188319E2,4.770648898E1,1.771429643E1,1.217000737E2,2.016264343E1,9.751658630E1,1.200181241E1,1.200181241E1
6.068188572E2,4.770646124E1,1.771455907E1,1.211301953E2,2.016264343E1,9.981602478E1,8.001208274E0,8.001208274E0
6.078188823E2,4.770642447E1,1.771482141E1,1.202812305E2,1.972911835E1,1.017331161E2,8.001208274E0,8.001208274E0
6.088189079E2,4.770639024E1,1.771508105E1,1.194514747E2,1.967181587E1,1.008527679E2,8.001208274E0,8.001208274E0
6.098189330E2,4.770635617E1,1.771534433E1,1.189137064E2,1.864130592E1,1.008527679E2,8.001208274E0,8.001208274E0
6.108189586E2,4.770632790E1,1.771555437E1,1.186517798E2,1.864130592E1,1.014392166E2,1.200181241E1,1.200181241E1
6.118189839E2,4.770629865E1,1.771576659E1,1.184229169E2,1.782285118E1,1.016713409E2,1.200181241E1,1.200181241E1
6.128190088E2,4.770626931E1,1.771597678E1,1.181825013E2,1.766189384E1,1.021352310E2,1.200181241E1,1.200181241E1
6.138190353E2,4.770625279E1,1.771611001E1,1.180267336E2,1.267633247E1,9.871967316E1,1.200181241E1,1.200181241E1
6.148190600E2,4.770624771E1,1.771620404E1,1.179660717E2,1.267633247E1,9.393310547E1,1.496190682E1,1.496190682E1
6.158190856E2,4.770597353E1,1.771666575E1,1.179508731E2,1.046121502E1,1.274436417E2,2.812558166E1,2.812558166E1
6.168191102E2,4.770609670E1,1.771650480E1,1.179481036E2,9.024955750E0,1.545854340E2,8.001208274E0,8.001208274E0
6.178191361E2,4.770606347E1,1.771652819E1,1.180742518E2,9.936798096E0,1.545854340E2,8.001208274E0,8.001208274E0
6.188191621E2,4.770606528E1,1.771652691E1,1.181313613E2,9.936798096E0,1.545854340E2,1.200181241E1,1.200181241E1
6.198191954E2,4.770586200E1,1.771656405E1,1.180348994E2,9.936798096E0,2.021852875E2,1.200181241E1,1.200181241E1
6.208192121E2,4.770574789E1,1.771649890E1,1.177855040E2,1.083301163E1,2.005686188E2,1.200181241E1,1.200181241E1
6.218192371E2,4.770563312E1,1.771644231E1,1.178887749E2,1.308971405E1,1.968761749E2,1.200181241E1,1.200181241E1
6.228192636E2,4.770551769E1,1.771639044E1,1.182355583E2,1.394393349E1,1.968761749E2,1.200181241E1,1.200181241E1
6.238192872E2,4.770537696E1,1.771633149E1,1.185223454E2,1.365645504E1,1.957723694E2,1.200181241E1,1.200181241E1
6.248193128E2,4.770527600E1,1.771628925E1,1.186229159E2,1.365645504E1,1.957723694E2,1.200181241E1,1.200181241E1
6.258193378E2,4.770517641E1,1.771625981E1,1.186040103E2,1.028059673E1,1.895888214E2,1.200181241E1,1.200181241E1
6.268193635E2,4.770514537E1,1.771625205E1,1.185941409E2,1.028059673E1,1.895888214E2,1.200181241E1,1.200181241E1
6.278193895E2,4.770506797E1,1.771624006E1,1.186306585E2,6.965402603E0,1.858574829E2,1.200181241E1,1.200181241E1
6.288194135E2,4.770506517E1,1.771623964E1,1.186886377E2,4.823734760E0,1.858574829E2,1.200181241E1,1.200181241E1
6.298194399E2,4.770502168E1,1.771623692E1,1.187467580E2,1.219960526E-1,1.822924805E2,8.001208274E0,8.001208274E0
6.308194643E2,4.770501667E1,1.771623662E1,1.188146840E2,1.180041507E-1,1.822924805E2,8.001208274E0,8.001208274E0
6.318194900E2,4.770500899E1,1.771623617E1,1.188632246E2,1.219960526E-1,1.822924805E2,8.001208274E0,8.001208274E0